{
    "timestamp": 1751254434.6655517,
    "duration_seconds": 49.48500000000058,
    "du_usage": {
        "agent_1": 18.895,
        "agent_2": 18.888903841507073,
        "agent_3": 20.0
    },
    "total_du_used": 57.78390384150707
}